{"v":"5.2.1","fr":60,"ip":0,"op":382,"w":411,"h":162,"nm":"*delete 1_v6 (one file at a time) 2","ddd":0,"assets":[],"layers":[{"ddd":0,"ind":1,"ty":4,"nm":"Shape Layer 5","sr":1,"ks":{"o":{"a":0,"k":100,"ix":11},"r":{"a":0,"k":0,"ix":10},"p":{"a":1,"k":[{"i":{"x":0.833,"y":0.833},"o":{"x":0.167,"y":0.167},"n":"0p833_0p833_0p167_0p167","t":315,"s":[250,77.144,0],"e":[250,69.144,0],"to":[0,-1.33333337306976,0],"ti":[0,1.33333337306976,0]},{"t":321}],"ix":2},"a":{"a":0,"k":[0,0,0],"ix":1},"s":{"a":0,"k":[100,100,100],"ix":6}},"ao":0,"shapes":[{"ty":"gr","it":[{"ind":0,"ty":"sh","ix":1,"ks":{"a":0,"k":{"i":[[0,0],[0,0]],"o":[[0,0],[0,0]],"v":[[-16.75,-12.25],[-90.5,1.5]],"c":false},"ix":2},"nm":"Path 1","mn":"ADBE Vector Shape - Group","hd":false},{"ty":"tm","s":{"a":1,"k":[{"i":{"x":[0.037],"y":[1.028]},"o":{"x":[1],"y":[0]},"n":["0p037_1p028_1_0"],"t":316.217,"s":[0],"e":[100]},{"t":325}],"ix":1},"e":{"a":1,"k":[{"i":{"x":[0.259],"y":[1]},"o":{"x":[0.883],"y":[0]},"n":["0p259_1_0p883_0"],"t":309,"s":[0],"e":[100]},{"t":323.615234375}],"ix":2},"o":{"a":0,"k":0,"ix":3},"m":1,"ix":2,"nm":"Trim Paths 1","mn":"ADBE Vector Filter - Trim","hd":false},{"ty":"st","c":{"a":0,"k":[1,1,1,1],"ix":3},"o":{"a":0,"k":100,"ix":4},"w":{"a":1,"k":[{"i":{"x":[0],"y":[1]},"o":{"x":[0.333],"y":[0]},"n":["0_1_0p333_0"],"t":311,"s":[0],"e":[5]},{"i":{"x":[0.667],"y":[1]},"o":{"x":[1],"y":[0]},"n":["0p667_1_1_0"],"t":317.42,"s":[5],"e":[2]},{"t":322.47265625}],"ix":5},"lc":3,"lj":3,"nm":"Stroke 1","mn":"ADBE Vector Graphic - Stroke","hd":false},{"ty":"tr","p":{"a":0,"k":[0,0],"ix":2},"a":{"a":0,"k":[0,0],"ix":1},"s":{"a":0,"k":[100,100],"ix":3},"r":{"a":0,"k":0,"ix":6},"o":{"a":0,"k":100,"ix":7},"sk":{"a":0,"k":0,"ix":4},"sa":{"a":0,"k":0,"ix":5},"nm":"Transform"}],"nm":"Shape 1","np":3,"cix":2,"ix":1,"mn":"ADBE Vector Group","hd":false}],"ip":308,"op":325,"st":255,"bm":0},{"ddd":0,"ind":2,"ty":4,"nm":"Shape Layer 4","sr":1,"ks":{"o":{"a":0,"k":100,"ix":11},"r":{"a":0,"k":0,"ix":10},"p":{"a":1,"k":[{"i":{"x":0.833,"y":0.833},"o":{"x":0.167,"y":0.167},"n":"0p833_0p833_0p167_0p167","t":240,"s":[76,36.144,0],"e":[76,34.144,0],"to":[0,-0.33333334326744,0],"ti":[0,0.33333334326744,0]},{"t":246}],"ix":2},"a":{"a":0,"k":[0,0,0],"ix":1},"s":{"a":0,"k":[100,100,100],"ix":6}},"ao":0,"shapes":[{"ty":"gr","it":[{"ind":0,"ty":"sh","ix":1,"ks":{"a":0,"k":{"i":[[0,0],[0,0]],"o":[[0,0],[0,0]],"v":[[92.5,40.25],[178.5,18.5]],"c":false},"ix":2},"nm":"Path 1","mn":"ADBE Vector Shape - Group","hd":false},{"ty":"tm","s":{"a":1,"k":[{"i":{"x":[0.037],"y":[1.028]},"o":{"x":[1],"y":[0]},"n":["0p037_1p028_1_0"],"t":243.217,"s":[0],"e":[100]},{"t":252}],"ix":1},"e":{"a":1,"k":[{"i":{"x":[0.259],"y":[1]},"o":{"x":[0.883],"y":[0]},"n":["0p259_1_0p883_0"],"t":236,"s":[0],"e":[100]},{"t":250.615234375}],"ix":2},"o":{"a":0,"k":0,"ix":3},"m":1,"ix":2,"nm":"Trim Paths 1","mn":"ADBE Vector Filter - Trim","hd":false},{"ty":"st","c":{"a":0,"k":[1,1,1,1],"ix":3},"o":{"a":0,"k":100,"ix":4},"w":{"a":1,"k":[{"i":{"x":[0],"y":[1]},"o":{"x":[0.333],"y":[0]},"n":["0_1_0p333_0"],"t":238,"s":[0],"e":[5]},{"i":{"x":[0.667],"y":[1]},"o":{"x":[1],"y":[0]},"n":["0p667_1_1_0"],"t":244.42,"s":[5],"e":[2]},{"t":249.47265625}],"ix":5},"lc":3,"lj":3,"nm":"Stroke 1","mn":"ADBE Vector Graphic - Stroke","hd":false},{"ty":"tr","p":{"a":0,"k":[0,0],"ix":2},"a":{"a":0,"k":[0,0],"ix":1},"s":{"a":0,"k":[100,100],"ix":3},"r":{"a":0,"k":0,"ix":6},"o":{"a":0,"k":100,"ix":7},"sk":{"a":0,"k":0,"ix":4},"sa":{"a":0,"k":0,"ix":5},"nm":"Transform"}],"nm":"Shape 1","np":3,"cix":2,"ix":1,"mn":"ADBE Vector Group","hd":false}],"ip":233,"op":258,"st":154,"bm":0},{"ddd":0,"ind":3,"ty":4,"nm":"Shape Layer 3","sr":1,"ks":{"o":{"a":0,"k":100,"ix":11},"r":{"a":0,"k":0,"ix":10},"p":{"a":1,"k":[{"i":{"x":0.833,"y":0.833},"o":{"x":0.167,"y":0.167},"n":"0p833_0p833_0p167_0p167","t":166,"s":[171,53.144,0],"e":[171,54.144,0],"to":[0,0.16666667163372,0],"ti":[0,-0.16666667163372,0]},{"t":172}],"ix":2},"a":{"a":0,"k":[0,0,0],"ix":1},"s":{"a":0,"k":[100,100,100],"ix":6}},"ao":0,"shapes":[{"ty":"gr","it":[{"ind":0,"ty":"sh","ix":1,"ks":{"a":0,"k":{"i":[[0,0],[0,0]],"o":[[0,0],[0,0]],"v":[[-2.5,0.25],[78.5,29.5]],"c":false},"ix":2},"nm":"Path 1","mn":"ADBE Vector Shape - Group","hd":false},{"ty":"tm","s":{"a":1,"k":[{"i":{"x":[0.037],"y":[1.028]},"o":{"x":[1],"y":[0]},"n":["0p037_1p028_1_0"],"t":169.217,"s":[0],"e":[100]},{"t":178}],"ix":1},"e":{"a":1,"k":[{"i":{"x":[0.259],"y":[1]},"o":{"x":[0.883],"y":[0]},"n":["0p259_1_0p883_0"],"t":162,"s":[0],"e":[100]},{"t":176.615234375}],"ix":2},"o":{"a":0,"k":0,"ix":3},"m":1,"ix":2,"nm":"Trim Paths 1","mn":"ADBE Vector Filter - Trim","hd":false},{"ty":"st","c":{"a":0,"k":[1,1,1,1],"ix":3},"o":{"a":0,"k":100,"ix":4},"w":{"a":1,"k":[{"i":{"x":[0],"y":[1]},"o":{"x":[0.333],"y":[0]},"n":["0_1_0p333_0"],"t":164,"s":[0],"e":[5]},{"i":{"x":[0.667],"y":[1]},"o":{"x":[1],"y":[0]},"n":["0p667_1_1_0"],"t":170.42,"s":[5],"e":[2]},{"t":175.47265625}],"ix":5},"lc":3,"lj":3,"nm":"Stroke 1","mn":"ADBE Vector Graphic - Stroke","hd":false},{"ty":"tr","p":{"a":0,"k":[0,0],"ix":2},"a":{"a":0,"k":[0,0],"ix":1},"s":{"a":0,"k":[100,100],"ix":3},"r":{"a":0,"k":0,"ix":6},"o":{"a":0,"k":100,"ix":7},"sk":{"a":0,"k":0,"ix":4},"sa":{"a":0,"k":0,"ix":5},"nm":"Transform"}],"nm":"Shape 1","np":3,"cix":2,"ix":1,"mn":"ADBE Vector Group","hd":false}],"ip":158,"op":177,"st":80,"bm":0},{"ddd":0,"ind":4,"ty":4,"nm":"Shape Layer 2","sr":1,"ks":{"o":{"a":0,"k":100,"ix":11},"r":{"a":0,"k":0,"ix":10},"p":{"a":1,"k":[{"i":{"x":0.833,"y":0.833},"o":{"x":0.167,"y":0.167},"n":"0p833_0p833_0p167_0p167","t":90,"s":[250,84.144,0],"e":[250,82.144,0],"to":[0,-0.33333334326744,0],"ti":[0,0.33333334326744,0]},{"t":96}],"ix":2},"a":{"a":0,"k":[0,0,0],"ix":1},"s":{"a":0,"k":[100,100,100],"ix":6}},"ao":0,"shapes":[{"ty":"gr","it":[{"ind":0,"ty":"sh","ix":1,"ks":{"a":0,"k":{"i":[[0,0],[0,0]],"o":[[0,0],[0,0]],"v":[[-89.5,15.25],[-13.5,-11.5]],"c":false},"ix":2},"nm":"Path 1","mn":"ADBE Vector Shape - Group","hd":false},{"ty":"tm","s":{"a":1,"k":[{"i":{"x":[0.037],"y":[1.028]},"o":{"x":[1],"y":[0]},"n":["0p037_1p028_1_0"],"t":91.217,"s":[0],"e":[100]},{"t":100}],"ix":1},"e":{"a":1,"k":[{"i":{"x":[0.259],"y":[1]},"o":{"x":[0.883],"y":[0]},"n":["0p259_1_0p883_0"],"t":84,"s":[0],"e":[100]},{"t":98.615234375}],"ix":2},"o":{"a":0,"k":0,"ix":3},"m":1,"ix":2,"nm":"Trim Paths 1","mn":"ADBE Vector Filter - Trim","hd":false},{"ty":"st","c":{"a":0,"k":[1,1,1,1],"ix":3},"o":{"a":0,"k":100,"ix":4},"w":{"a":1,"k":[{"i":{"x":[0],"y":[1]},"o":{"x":[0.333],"y":[0]},"n":["0_1_0p333_0"],"t":86,"s":[0],"e":[5]},{"i":{"x":[0.667],"y":[1]},"o":{"x":[1],"y":[0]},"n":["0p667_1_1_0"],"t":92.42,"s":[5],"e":[2]},{"t":97.47265625}],"ix":5},"lc":3,"lj":3,"nm":"Stroke 1","mn":"ADBE Vector Graphic - Stroke","hd":false},{"ty":"tr","p":{"a":0,"k":[0,0],"ix":2},"a":{"a":0,"k":[0,0],"ix":1},"s":{"a":0,"k":[100,100],"ix":3},"r":{"a":0,"k":0,"ix":6},"o":{"a":0,"k":100,"ix":7},"sk":{"a":0,"k":0,"ix":4},"sa":{"a":0,"k":0,"ix":5},"nm":"Transform"}],"nm":"Shape 1","np":3,"cix":2,"ix":1,"mn":"ADBE Vector Group","hd":false}],"ip":83,"op":100,"st":30,"bm":0},{"ddd":0,"ind":5,"ty":4,"nm":"Shape Layer 1","sr":1,"ks":{"o":{"a":0,"k":100,"ix":11},"r":{"a":0,"k":0,"ix":10},"p":{"a":1,"k":[{"i":{"x":0.833,"y":0.833},"o":{"x":0.167,"y":0.167},"n":"0p833_0p833_0p167_0p167","t":12,"s":[335,64.144,0],"e":[335,62.144,0],"to":[0,-0.33333334326744,0],"ti":[0,0.33333334326744,0]},{"t":18}],"ix":2},"a":{"a":0,"k":[0,0,0],"ix":1},"s":{"a":0,"k":[100,100,100],"ix":6}},"ao":0,"shapes":[{"ty":"gr","it":[{"ind":0,"ty":"sh","ix":1,"ks":{"a":0,"k":{"i":[[0,0],[0,0]],"o":[[0,0],[0,0]],"v":[[-172.5,-26.75],[-101.5,11.5]],"c":false},"ix":2},"nm":"Path 1","mn":"ADBE Vector Shape - Group","hd":false},{"ty":"tm","s":{"a":1,"k":[{"i":{"x":[0.037],"y":[1.028]},"o":{"x":[1],"y":[0]},"n":["0p037_1p028_1_0"],"t":15.217,"s":[0],"e":[100]},{"t":24}],"ix":1},"e":{"a":1,"k":[{"i":{"x":[0.259],"y":[1]},"o":{"x":[0.883],"y":[0]},"n":["0p259_1_0p883_0"],"t":8,"s":[0],"e":[100]},{"t":22.615234375}],"ix":2},"o":{"a":0,"k":0,"ix":3},"m":1,"ix":2,"nm":"Trim Paths 1","mn":"ADBE Vector Filter - Trim","hd":false},{"ty":"st","c":{"a":0,"k":[1,1,1,1],"ix":3},"o":{"a":0,"k":100,"ix":4},"w":{"a":1,"k":[{"i":{"x":[0],"y":[1]},"o":{"x":[0.333],"y":[0]},"n":["0_1_0p333_0"],"t":10,"s":[0],"e":[5]},{"i":{"x":[0.667],"y":[1]},"o":{"x":[1],"y":[0]},"n":["0p667_1_1_0"],"t":16.42,"s":[5],"e":[2]},{"t":21.47265625}],"ix":5},"lc":3,"lj":3,"nm":"Stroke 1","mn":"ADBE Vector Graphic - Stroke","hd":false},{"ty":"tr","p":{"a":0,"k":[0,0],"ix":2},"a":{"a":0,"k":[0,0],"ix":1},"s":{"a":0,"k":[100,100],"ix":3},"r":{"a":0,"k":0,"ix":6},"o":{"a":0,"k":100,"ix":7},"sk":{"a":0,"k":0,"ix":4},"sa":{"a":0,"k":0,"ix":5},"nm":"Transform"}],"nm":"Shape 1","np":3,"cix":2,"ix":1,"mn":"ADBE Vector Group","hd":false}],"ip":7,"op":22,"st":-25,"bm":0},{"ddd":0,"ind":6,"ty":4,"nm":"Layer 5","sr":1,"ks":{"o":{"a":0,"k":100,"ix":11},"r":{"a":0,"k":0,"ix":10},"p":{"a":1,"k":[{"i":{"x":0.833,"y":0.833},"o":{"x":0.167,"y":0.167},"n":"0p833_0p833_0p167_0p167","t":27,"s":[204.5,120.5,0],"e":[204.5,152.5,0],"to":[0,5.33333349227905,0],"ti":[0,-5.33333349227905,0]},{"t":94}],"ix":2},"a":{"a":0,"k":[350.021,85.415,0],"ix":1},"s":{"a":0,"k":[100,100,100],"ix":6}},"ao":0,"shapes":[{"ty":"gr","it":[{"ty":"gr","it":[{"ind":0,"ty":"sh","ix":1,"ks":{"a":0,"k":{"i":[[0,0],[-4.588,0.996],[0,0],[0.996,4.588],[0,0],[0,0],[1.002,-0.897],[0,0],[0.366,1.749],[0,0],[0,0]],"o":[[0.996,4.588],[0,0],[4.588,-0.996],[0,0],[0,0],[0.791,0.905],[0,0],[-1.331,1.192],[0,0],[0,0],[0,0]],"v":[[178.304,-79.142],[188.562,-72.589],[209.943,-77.31],[216.497,-87.569],[213.997,-98.925],[205.933,-97.487],[205.735,-94.227],[193.955,-83.682],[190.135,-84.935],[188.169,-94.32],[175.453,-92.052]],"c":true},"ix":2},"nm":"Path 1","mn":"ADBE Vector Shape - Group","hd":false},{"ty":"fl","c":{"a":0,"k":[0.956862747669,0.560784339905,0.694117665291,1],"ix":4},"o":{"a":0,"k":100,"ix":5},"r":1,"nm":"Fill 1","mn":"ADBE Vector Graphic - Fill","hd":false},{"ty":"tr","p":{"a":1,"k":[{"i":{"x":0.833,"y":0.833},"o":{"x":0.232,"y":0},"n":"0p833_0p833_0p232_0","t":318,"s":[195.612,-96.089],"e":[204.612,-54.089],"to":[1.5,7],"ti":[0,0]},{"t":358}],"ix":2},"a":{"a":0,"k":[195.512,-95.543],"ix":1},"s":{"a":0,"k":[100,100],"ix":3},"r":{"a":1,"k":[{"i":{"x":[0.833],"y":[0.833]},"o":{"x":[0.167],"y":[0.167]},"n":["0p833_0p833_0p167_0p167"],"t":324,"s":[0],"e":[23]},{"t":346}],"ix":6},"o":{"a":1,"k":[{"i":{"x":[0.833],"y":[1]},"o":{"x":[0.167],"y":[0]},"n":["0p833_1_0p167_0"],"t":328,"s":[100],"e":[0]},{"t":342}],"ix":7},"sk":{"a":0,"k":0,"ix":4},"sa":{"a":0,"k":0,"ix":5},"nm":"Transform"}],"nm":"pink-bottom","np":2,"cix":2,"ix":1,"mn":"ADBE Vector Group","hd":false},{"ty":"gr","it":[{"ind":0,"ty":"sh","ix":1,"ks":{"a":0,"k":{"i":[[0,0],[0,0],[0,0],[-1.698,-0.557],[0,0],[-0.26,-0.297],[0,0],[0,0],[4.59,-1.036],[0,0],[-0.996,-4.588]],"o":[[0,0],[0,0],[-0.366,-1.749],[0,0],[0.42,0.138],[0,0],[0,0],[-1.541,-4.898],[0,0],[-4.588,0.996],[0,0]],"v":[[175.453,-92.052],[188.169,-94.32],[186.893,-100.409],[189.889,-103.09],[204.91,-98.161],[205.933,-97.487],[213.997,-98.925],[211.794,-108.929],[201.496,-115.485],[180.136,-110.782],[173.582,-100.524]],"c":true},"ix":2},"nm":"Path 1","mn":"ADBE Vector Shape - Group","hd":false},{"ty":"fl","c":{"a":0,"k":[0.956862747669,0.560784339905,0.694117665291,1],"ix":4},"o":{"a":0,"k":100,"ix":5},"r":1,"nm":"Fill 1","mn":"ADBE Vector Graphic - Fill","hd":false},{"ty":"tr","p":{"a":1,"k":[{"i":{"x":0,"y":1},"o":{"x":0.232,"y":0},"n":"0_1_0p232_0","t":317,"s":[193.898,-96.145],"e":[193.898,-87.145],"to":[0,1.5],"ti":[0,-1.5]},{"t":363}],"ix":2},"a":{"a":0,"k":[193.883,-95.926],"ix":1},"s":{"a":0,"k":[100,100],"ix":3},"r":{"a":0,"k":0,"ix":6},"o":{"a":1,"k":[{"i":{"x":[0.667],"y":[1]},"o":{"x":[0.333],"y":[0]},"n":["0p667_1_0p333_0"],"t":333,"s":[100],"e":[0]},{"t":347}],"ix":7},"sk":{"a":0,"k":0,"ix":4},"sa":{"a":0,"k":0,"ix":5},"nm":"Transform"}],"nm":"pink-top","np":2,"cix":2,"ix":2,"mn":"ADBE Vector Group","hd":false},{"ty":"tr","p":{"a":1,"k":[{"i":{"x":0,"y":1},"o":{"x":0.118,"y":0},"n":"0_1_0p118_0","t":294,"s":[343.625,271],"e":[343.625,-0.105],"to":[0,-45.1841011047363],"ti":[0,28.8098964691162]},{"i":{"x":0.735,"y":0.145},"o":{"x":0.407,"y":0},"n":"0p735_0p145_0p407_0","t":319,"s":[343.625,-0.105],"e":[343.625,3.233],"to":[0,-2.11750984191895],"ti":[0,1.01433336734772]},{"i":{"x":0.833,"y":0.833},"o":{"x":0.921,"y":0.412},"n":"0p833_0p833_0p921_0p412","t":328,"s":[343.625,3.233],"e":[343.625,70.818],"to":[0,-12.7862358093262],"ti":[0,-9.45729160308838]},{"i":{"x":0.833,"y":0.833},"o":{"x":0.167,"y":0.167},"n":"0p833_0p833_0p167_0p167","t":348,"s":[343.625,70.818],"e":[343.625,226.141],"to":[0,4.14847373962402],"ti":[0,0]},{"t":372}],"ix":2},"a":{"a":0,"k":[195.427,-93.217],"ix":1},"s":{"a":0,"k":[183,183],"ix":3},"r":{"a":1,"k":[{"i":{"x":[0.833],"y":[0.833]},"o":{"x":[0.167],"y":[0.167]},"n":["0p833_0p833_0p167_0p167"],"t":320,"s":[0],"e":[18]},{"t":353}],"ix":6},"o":{"a":1,"k":[{"i":{"x":[0.667],"y":[1]},"o":{"x":[0.333],"y":[0]},"n":["0p667_1_0p333_0"],"t":294,"s":[0],"e":[100]},{"t":305}],"ix":7},"sk":{"a":0,"k":0,"ix":4},"sa":{"a":0,"k":0,"ix":5},"nm":"Transform"}],"nm":"pink","np":2,"cix":2,"ix":1,"mn":"ADBE Vector Group","hd":false},{"ty":"gr","it":[{"ty":"gr","it":[{"ind":0,"ty":"sh","ix":1,"ks":{"a":0,"k":{"i":[[0,0],[0,0],[6.116,0.489],[-0.489,6.116],[-6.116,-0.489],[-0.534,-0.154],[0,0],[0,0],[0,0],[-8.637,-0.696],[0,0],[-0.696,8.637],[0,0]],"o":[[0,0],[-0.489,6.116],[-6.116,-0.489],[0.489,-6.116],[0.537,0.038],[0,0],[0,0],[0,0],[-0.696,8.637],[0,0],[8.637,0.696],[0,0],[0,0]],"v":[[494.812,91.385],[494.021,101.404],[482.008,111.637],[471.774,99.624],[483.788,89.391],[485.418,89.668],[485.427,89.551],[452.375,83.094],[450.485,107.671],[465.1,124.735],[505.394,127.834],[522.459,113.219],[523.714,97.031]],"c":true},"ix":2},"nm":"Path 1","mn":"ADBE Vector Shape - Group","hd":false},{"ty":"fl","c":{"a":0,"k":[0.917647063732,0.262745112181,0.207843139768,1],"ix":4},"o":{"a":0,"k":100,"ix":5},"r":1,"nm":"Fill 1","mn":"ADBE Vector Graphic - Fill","hd":false},{"ty":"tr","p":{"a":1,"k":[{"i":{"x":0.667,"y":0.667},"o":{"x":0.167,"y":0.167},"n":"0p667_0p667_0p167_0p167","t":234,"s":[488,82],"e":[488,82],"to":[0,0],"ti":[0,0]},{"i":{"x":0.612,"y":0.775},"o":{"x":0.333,"y":0},"n":"0p612_0p775_0p333_0","t":250,"s":[488,82],"e":[474.977,110.19],"to":[0,0],"ti":[0.01015185378492,-4.91906404495239]},{"i":{"x":0.667,"y":1},"o":{"x":0.414,"y":0.444},"n":"0p667_1_0p414_0p444","t":272,"s":[474.977,110.19],"e":[487.939,111.338],"to":[-0.01736182533205,8.4126443862915],"ti":[0,0]},{"t":293}],"ix":2},"a":{"a":0,"k":[487.939,84.338],"ix":1},"s":{"a":0,"k":[100,100],"ix":3},"r":{"a":1,"k":[{"i":{"x":[0.833],"y":[0.833]},"o":{"x":[0.167],"y":[0.167]},"n":["0p833_0p833_0p167_0p167"],"t":245,"s":[0],"e":[9.975]},{"i":{"x":[0.833],"y":[0.833]},"o":{"x":[0.167],"y":[0.167]},"n":["0p833_0p833_0p167_0p167"],"t":266,"s":[9.975],"e":[21]},{"t":286}],"ix":6},"o":{"a":1,"k":[{"i":{"x":[0.842],"y":[1]},"o":{"x":[0.189],"y":[0]},"n":["0p842_1_0p189_0"],"t":254,"s":[100],"e":[0]},{"t":268}],"ix":7},"sk":{"a":0,"k":0,"ix":4},"sa":{"a":0,"k":0,"ix":5},"nm":"Transform"}],"nm":"R-bottom","np":2,"cix":2,"ix":1,"mn":"ADBE Vector Group","hd":false},{"ty":"gr","it":[{"ind":0,"ty":"sh","ix":1,"ks":{"a":0,"k":{"i":[[0,0],[0,0],[-8.637,-0.696],[0,0],[-0.101,-9.477],[0,0],[0,0],[0,0],[0,0],[-0.084,1.425],[0,0],[1.447,0.132],[0,0],[0.084,-1.425],[0,0]],"o":[[0,0],[0.696,-8.637],[0,0],[8.662,0.626],[0,0],[0,0],[0,0],[0,0],[1.447,0.132],[0,0],[0.059,-1.355],[0,0],[-1.447,-0.132],[0,0],[0,0]],"v":[[452.375,73.594],[453.584,57.876],[470.649,43.262],[510.896,46.382],[525.58,63.472],[523.714,87.531],[494.812,81.885],[495.497,73.205],[501.427,73.666],[504.227,71.26],[504.92,62.74],[502.467,59.962],[489.698,58.946],[486.897,61.352],[485.427,80.051]],"c":true},"ix":2},"nm":"Path 1","mn":"ADBE Vector Shape - Group","hd":false},{"ty":"fl","c":{"a":0,"k":[0.917647063732,0.262745112181,0.207843139768,1],"ix":4},"o":{"a":0,"k":100,"ix":5},"r":1,"nm":"Fill 1","mn":"ADBE Vector Graphic - Fill","hd":false},{"ty":"tr","p":{"a":1,"k":[{"i":{"x":0.833,"y":0.833},"o":{"x":0.167,"y":0.167},"n":"0p833_0p833_0p167_0p167","t":234,"s":[488.392,88.1],"e":[488.392,88.1],"to":[0,0],"ti":[0,0]},{"i":{"x":0.19,"y":0},"o":{"x":0.167,"y":0.167},"n":"0p19_0_0p167_0p167","t":245,"s":[488.392,88.1],"e":[488.392,87.204],"to":[0,-1.09112739562988],"ti":[0,1.9465696811676]},{"i":{"x":0.564,"y":1},"o":{"x":0.241,"y":0.075},"n":"0p564_1_0p241_0p075","t":262,"s":[488.392,87.204],"e":[488.392,80.356],"to":[0,-0.35584533214569],"ti":[0,0.19946503639221]},{"t":282}],"ix":2},"a":{"a":0,"k":[488.392,80.356],"ix":1},"s":{"a":0,"k":[100,100],"ix":3},"r":{"a":0,"k":0,"ix":6},"o":{"a":1,"k":[{"i":{"x":[0.833],"y":[1]},"o":{"x":[0.167],"y":[0]},"n":["0p833_1_0p167_0"],"t":234,"s":[100],"e":[100]},{"i":{"x":[0.833],"y":[1]},"o":{"x":[0.167],"y":[0]},"n":["0p833_1_0p167_0"],"t":258,"s":[100],"e":[0]},{"t":272}],"ix":7},"sk":{"a":0,"k":0,"ix":4},"sa":{"a":0,"k":0,"ix":5},"nm":"Transform"}],"nm":"R-top","np":2,"cix":2,"ix":2,"mn":"ADBE Vector Group","hd":false},{"ty":"tr","p":{"a":1,"k":[{"i":{"x":0,"y":1},"o":{"x":0.118,"y":0},"n":"0_1_0p118_0","t":221,"s":[354.371,179],"e":[354.371,-3.898],"to":[0,-30.482931137085],"ti":[0,29.275390625]},{"i":{"x":0.735,"y":0.234},"o":{"x":0.407,"y":0},"n":"0p735_0p234_0p407_0","t":247,"s":[354.371,-3.898],"e":[354.371,-0.579],"to":[0,-2.10441112518311],"ti":[0,1.03862333297729]},{"i":{"x":0.833,"y":0.833},"o":{"x":0.921,"y":0.219},"n":"0p833_0p833_0p921_0p219","t":255,"s":[354.371,-0.579],"e":[354.371,192.054],"to":[0,-13.4101247787476],"ti":[0,0]},{"t":284}],"ix":2},"a":{"a":0,"k":[487.991,86.765],"ix":1},"s":{"a":0,"k":[100,100],"ix":3},"r":{"a":1,"k":[{"i":{"x":[0.667],"y":[1]},"o":{"x":[0.333],"y":[0]},"n":["0p667_1_0p333_0"],"t":243.639,"s":[-28],"e":[0]},{"t":303}],"ix":6},"o":{"a":1,"k":[{"i":{"x":[0.667],"y":[1]},"o":{"x":[0.333],"y":[0]},"n":["0p667_1_0p333_0"],"t":221,"s":[0],"e":[100]},{"t":235}],"ix":7},"sk":{"a":0,"k":0,"ix":4},"sa":{"a":0,"k":0,"ix":5},"nm":"Transform"}],"nm":"red","np":2,"cix":2,"ix":2,"mn":"ADBE Vector Group","hd":false},{"ty":"gr","it":[{"ty":"gr","it":[{"ind":0,"ty":"sh","ix":1,"ks":{"a":0,"k":{"i":[[2.185,-0.472],[0,0],[0.472,2.185],[-2.185,0.472],[0,0],[-0.472,-2.185]],"o":[[0,0],[-2.185,0.472],[-0.472,-2.185],[0,0],[2.185,-0.472],[0.472,2.185]],"v":[[408.261,79.042],[371.922,88.388],[367.071,85.477],[369.981,80.625],[406.32,71.279],[411.172,74.19]],"c":true},"ix":2},"nm":"Path 1","mn":"ADBE Vector Shape - Group","hd":false},{"ind":1,"ty":"sh","ix":2,"ks":{"a":0,"k":{"i":[[0.472,2.185],[-2.186,0.472],[0,0],[-0.472,-2.185],[1.897,-0.586],[0,0]],"o":[[-0.472,-2.185],[0,0],[2.185,-0.472],[0.586,1.897],[0,0],[-2.186,0.472]],"v":[[363.311,71.333],[366.222,66.481],[402.561,57.135],[407.412,60.046],[404.501,64.898],[368.163,74.244]],"c":true},"ix":2},"nm":"Path 2","mn":"ADBE Vector Shape - Group","hd":false},{"ind":2,"ty":"sh","ix":3,"ks":{"a":0,"k":{"i":[[0,0],[7.762,-1.941],[0,0],[-2.343,-7.588],[0,0],[0,0]],"o":[[-2.055,-7.474],[0,0],[-7.762,1.941],[0,0],[0,0],[0,0]],"v":[[416.704,53.376],[399.09,43.105],[362.751,52.451],[352.48,70.066],[358.525,93.568],[423.472,79.69]],"c":true},"ix":2},"nm":"Path 3","mn":"ADBE Vector Shape - Group","hd":false},{"ty":"fl","c":{"a":0,"k":[0.258823543787,0.521568655968,0.956862747669,1],"ix":4},"o":{"a":0,"k":100,"ix":5},"r":1,"nm":"Fill 1","mn":"ADBE Vector Graphic - Fill","hd":false},{"ty":"tr","p":{"a":1,"k":[{"i":{"x":0,"y":1},"o":{"x":0.645,"y":0},"n":"0_1_0p645_0","t":168,"s":[390.914,90.531],"e":[388.914,87.531],"to":[-0.33333334326744,-0.5],"ti":[0.33333334326744,0.5]},{"t":207}],"ix":2},"a":{"a":0,"k":[388.914,87.531],"ix":1},"s":{"a":0,"k":[100,100],"ix":3},"r":{"a":0,"k":0,"ix":6},"o":{"a":1,"k":[{"i":{"x":[0.833],"y":[1]},"o":{"x":[0.167],"y":[0]},"n":["0p833_1_0p167_0"],"t":180,"s":[100],"e":[0]},{"t":194}],"ix":7},"sk":{"a":0,"k":0,"ix":4},"sa":{"a":0,"k":0,"ix":5},"nm":"Transform"}],"nm":"B-top","np":4,"cix":2,"ix":1,"mn":"ADBE Vector Group","hd":false},{"ty":"gr","it":[{"ind":0,"ty":"sh","ix":1,"ks":{"a":0,"k":{"i":[[2.299,-0.761],[0,0],[0.472,2.185],[-2.185,0.472],[0,0],[-0.472,-2.185]],"o":[[0,0],[-2.185,0.472],[-0.472,-2.185],[0,0],[2.186,-0.472],[0.586,1.897]],"v":[[395.416,105.568],[377.304,110.097],[372.452,107.186],[375.363,102.334],[393.475,97.805],[398.327,100.716]],"c":true},"ix":2},"nm":"Path 1","mn":"ADBE Vector Shape - Group","hd":false},{"ind":1,"ty":"sh","ix":2,"ks":{"a":0,"k":{"i":[[0,0],[0,0],[0,0],[-7.588,2.343],[0,0],[2.343,7.588]],"o":[[0,0],[0,0],[1.941,7.762],[0,0],[7.762,-1.941],[0,0]],"v":[[425.208,86.967],[360.26,100.844],[363.562,113.681],[381.177,123.952],[417.515,114.606],[427.786,96.991]],"c":true},"ix":2},"nm":"Path 2","mn":"ADBE Vector Shape - Group","hd":false},{"ty":"fl","c":{"a":0,"k":[0.258823543787,0.521568655968,0.956862747669,1],"ix":4},"o":{"a":0,"k":100,"ix":5},"r":1,"nm":"Fill 1","mn":"ADBE Vector Graphic - Fill","hd":false},{"ty":"tr","p":{"a":1,"k":[{"i":{"x":0.833,"y":0.827},"o":{"x":0.232,"y":0},"n":"0p833_0p827_0p232_0","t":168,"s":[395.113,87.676],"e":[390.113,127.676],"to":[-0.83333331346512,6.66666650772095],"ti":[0,0]},{"t":208}],"ix":2},"a":{"a":0,"k":[395.113,92.676],"ix":1},"s":{"a":0,"k":[100,100],"ix":3},"r":{"a":1,"k":[{"i":{"x":[0.833],"y":[0.833]},"o":{"x":[0.167],"y":[0.167]},"n":["0p833_0p833_0p167_0p167"],"t":168,"s":[0],"e":[-16]},{"t":207}],"ix":6},"o":{"a":1,"k":[{"i":{"x":[0.833],"y":[1]},"o":{"x":[0.167],"y":[0]},"n":["0p833_1_0p167_0"],"t":187,"s":[100],"e":[0]},{"t":201}],"ix":7},"sk":{"a":0,"k":0,"ix":4},"sa":{"a":0,"k":0,"ix":5},"nm":"Transform"}],"nm":"B-bottom","np":3,"cix":2,"ix":2,"mn":"ADBE Vector Group","hd":false},{"ty":"tr","p":{"a":1,"k":[{"i":{"x":0,"y":1},"o":{"x":0.118,"y":0},"n":"0_1_0p118_0","t":148,"s":[354.371,179],"e":[354.371,-3.898],"to":[0,-30.482931137085],"ti":[0,29.275390625]},{"i":{"x":0.735,"y":0.33},"o":{"x":0.407,"y":0},"n":"0p735_0p33_0p407_0","t":174,"s":[354.371,-3.898],"e":[354.371,-0.579],"to":[0,-2.10441112518311],"ti":[0,1.03862333297729]},{"i":{"x":0.833,"y":0.833},"o":{"x":0.921,"y":0.448},"n":"0p833_0p833_0p921_0p448","t":181,"s":[354.371,-0.579],"e":[354.371,84.701],"to":[0,-13.4101247787476],"ti":[0,-9.47378826141357]},{"i":{"x":0.833,"y":0.833},"o":{"x":0.167,"y":0.167},"n":"0p833_0p833_0p167_0p167","t":208,"s":[354.371,84.701],"e":[354.371,240.348],"to":[0,10.2075395584106],"ti":[0,0]},{"t":218}],"ix":2},"a":{"a":0,"k":[391.371,84.348],"ix":1},"s":{"a":0,"k":[100,100],"ix":3},"r":{"a":1,"k":[{"i":{"x":[0.667],"y":[1]},"o":{"x":[0.333],"y":[0]},"n":["0p667_1_0p333_0"],"t":172.639,"s":[34],"e":[0]},{"t":236}],"ix":6},"o":{"a":1,"k":[{"i":{"x":[0.667],"y":[1]},"o":{"x":[0.333],"y":[0]},"n":["0p667_1_0p333_0"],"t":150,"s":[0],"e":[100]},{"t":160}],"ix":7},"sk":{"a":0,"k":0,"ix":4},"sa":{"a":0,"k":0,"ix":5},"nm":"Transform"}],"nm":"blue","np":2,"cix":2,"ix":3,"mn":"ADBE Vector Group","hd":false},{"ty":"gr","it":[{"ty":"gr","it":[{"ind":0,"ty":"sh","ix":1,"ks":{"a":0,"k":{"i":[[-0.015,4.149],[-4.149,-0.015],[0.015,-4.149],[4.149,0.015]],"o":[[0.015,-4.149],[4.149,0.015],[-0.015,4.149],[-4.149,-0.015]],"v":[[278.882,70.529],[286.421,63.044],[293.906,70.582],[286.368,78.068]],"c":true},"ix":2},"nm":"Path 2","mn":"ADBE Vector Shape - Group","hd":false},{"ind":1,"ty":"sh","ix":2,"ks":{"a":0,"k":{"i":[[7.719,0.224],[0,0],[0.151,-8.069],[0,0],[0,0],[0,0],[-6.172,0.186],[0,0],[-0.186,-6.172],[0,0],[0,0],[0,0]],"o":[[0,0],[-8.069,-0.151],[0,0],[0,0],[0,0],[0.164,-6.245],[0,0],[6.245,0.164],[0,0],[0,0],[0,0],[-0.199,-7.996]],"v":[[317.79,48.592],[280.888,48.585],[266.332,62.934],[266.327,86.9],[272.489,86.555],[272.531,66.396],[284.021,54.875],[313.627,54.937],[325.147,66.428],[325.154,83.604],[332.135,83.213],[332.139,63.149]],"c":true},"ix":2},"nm":"Path 1","mn":"ADBE Vector Shape - Group","hd":false},{"ind":2,"ty":"sh","ix":3,"ks":{"a":0,"k":{"i":[[1.315,-2.465],[0,0],[0,0],[0,0]],"o":[[0,0],[0,0],[0,0],[-1.282,-2.656]],"v":[[306.466,73.23],[300.963,84.959],[317.718,84.02],[312.711,73.395]],"c":true},"ix":2},"nm":"Path 3","mn":"ADBE Vector Shape - Group","hd":false},{"ty":"fl","c":{"a":0,"k":[0.203921571374,0.658823549747,0.32549020648,1],"ix":4},"o":{"a":0,"k":100,"ix":5},"r":1,"nm":"Fill 1","mn":"ADBE Vector Graphic - Fill","hd":false},{"ty":"tr","p":{"a":1,"k":[{"i":{"x":0,"y":1},"o":{"x":0.232,"y":0},"n":"0_1_0p232_0","t":94,"s":[299.484,88.078],"e":[299.484,86.078],"to":[0,-0.33333334326744],"ti":[0,0.33333334326744]},{"t":133}],"ix":2},"a":{"a":0,"k":[299.484,86.078],"ix":1},"s":{"a":0,"k":[100,100],"ix":3},"r":{"a":0,"k":0,"ix":6},"o":{"a":1,"k":[{"i":{"x":[0.667],"y":[1]},"o":{"x":[0.333],"y":[0]},"n":["0p667_1_0p333_0"],"t":115,"s":[100],"e":[0]},{"t":129}],"ix":7},"sk":{"a":0,"k":0,"ix":4},"sa":{"a":0,"k":0,"ix":5},"nm":"Transform"}],"nm":"G-top","np":4,"cix":2,"ix":1,"mn":"ADBE Vector Group","hd":false},{"ty":"gr","it":[{"ind":0,"ty":"sh","ix":1,"ks":{"a":0,"k":{"i":[[0,0],[0,0],[0.555,-0.846],[0.073,0.35],[0,0],[0,0],[0,0],[0,0],[0.97,0.219],[0,0],[0.437,-0.82],[0,0],[0.086,2.174],[0,0],[0,0],[0,0],[-8.069,-0.151],[0,0],[-0.151,8.069],[0,0]],"o":[[0,0],[-0.132,1.123],[-0.073,-0.35],[0,0],[0,0],[0,0],[0,0],[-0.513,-1.063],[0,0],[-0.78,0.272],[0,0],[-1.137,-1.956],[0,0],[0,0],[0,0],[-0.151,8.069],[0,0],[8.069,0.151],[0,0],[0,0]],"v":[[325.154,92.77],[325.158,105.55],[324.617,108.22],[324.472,107.52],[317.718,93.187],[300.963,94.126],[293.551,109.923],[287.562,96.919],[285.185,95.01],[283.231,95.12],[281.317,96.754],[274.479,111.327],[272.469,105.168],[272.489,95.722],[266.327,96.067],[266.324,109.002],[280.673,123.558],[317.575,123.566],[332.131,109.217],[332.135,92.379]],"c":true},"ix":2},"nm":"Path 1","mn":"ADBE Vector Shape - Group","hd":false},{"ty":"fl","c":{"a":0,"k":[0.203921571374,0.658823549747,0.32549020648,1],"ix":4},"o":{"a":0,"k":100,"ix":5},"r":1,"nm":"Fill 1","mn":"ADBE Vector Graphic - Fill","hd":false},{"ty":"tr","p":{"a":1,"k":[{"i":{"x":0.833,"y":0.829},"o":{"x":0.232,"y":0},"n":"0p833_0p829_0p232_0","t":94,"s":[298.027,85.203],"e":[302.027,126.203],"to":[0.66666668653488,6.83333349227905],"ti":[0,0]},{"t":134}],"ix":2},"a":{"a":0,"k":[298.027,93.203],"ix":1},"s":{"a":0,"k":[100,100],"ix":3},"r":{"a":1,"k":[{"i":{"x":[0.833],"y":[0.833]},"o":{"x":[0.167],"y":[0.167]},"n":["0p833_0p833_0p167_0p167"],"t":93,"s":[0],"e":[23]},{"t":133}],"ix":6},"o":{"a":1,"k":[{"i":{"x":[0.833],"y":[1]},"o":{"x":[0.167],"y":[0]},"n":["0p833_1_0p167_0"],"t":107,"s":[100],"e":[0]},{"t":121}],"ix":7},"sk":{"a":0,"k":0,"ix":4},"sa":{"a":0,"k":0,"ix":5},"nm":"Transform"}],"nm":"G-bottom","np":2,"cix":2,"ix":2,"mn":"ADBE Vector Group","hd":false},{"ty":"tr","p":{"a":1,"k":[{"i":{"x":0,"y":1},"o":{"x":0.118,"y":0},"n":"0_1_0p118_0","t":76,"s":[343.625,179],"e":[343.625,15.895],"to":[0,-27.184103012085],"ti":[0,28.8098964691162]},{"i":{"x":0.735,"y":0.145},"o":{"x":0.407,"y":0},"n":"0p735_0p145_0p407_0","t":101,"s":[343.625,15.895],"e":[343.625,19.233],"to":[0,-2.11750984191895],"ti":[0,1.01433336734772]},{"i":{"x":0.833,"y":0.833},"o":{"x":0.921,"y":0.495},"n":"0p833_0p833_0p921_0p495","t":110,"s":[343.625,19.233],"e":[343.625,86.818],"to":[0,-12.7862358093262],"ti":[0,-9.45729160308838]},{"i":{"x":0.833,"y":0.833},"o":{"x":0.167,"y":0.167},"n":"0p833_0p833_0p167_0p167","t":134,"s":[343.625,86.818],"e":[343.625,242.141],"to":[0,4.14847373962402],"ti":[0,0]},{"t":158}],"ix":2},"a":{"a":0,"k":[297.625,87.141],"ix":1},"s":{"a":0,"k":[100,100],"ix":3},"r":{"a":1,"k":[{"i":{"x":[0.667],"y":[1]},"o":{"x":[0.333],"y":[0]},"n":["0p667_1_0p333_0"],"t":100,"s":[-19],"e":[0]},{"t":165}],"ix":6},"o":{"a":1,"k":[{"i":{"x":[0.667],"y":[1]},"o":{"x":[0.333],"y":[0]},"n":["0p667_1_0p333_0"],"t":73,"s":[0],"e":[100]},{"t":83}],"ix":7},"sk":{"a":0,"k":0,"ix":4},"sa":{"a":0,"k":0,"ix":5},"nm":"Transform"}],"nm":"green","np":2,"cix":2,"ix":4,"mn":"ADBE Vector Group","hd":false},{"ty":"gr","it":[{"ty":"gr","it":[{"ind":0,"ty":"sh","ix":1,"ks":{"a":0,"k":{"i":[[0,0],[0,0],[0,0],[0,0],[-7.207,0.858],[0,0],[0.857,7.207]],"o":[[0,0],[0,0],[0,0],[0.857,7.207],[0,0],[7.207,-0.858],[0,0]],"v":[[249.423,87.922],[178.573,86.486],[179.305,92.639],[181.181,107.728],[196.013,119.168],[239.327,113.721],[250.767,98.888]],"c":true},"ix":2},"nm":"Path 1","mn":"ADBE Vector Shape - Group","hd":false},{"ty":"fl","c":{"a":0,"k":[0.992156863213,0.792156875134,0.250980407,1],"ix":4},"o":{"a":0,"k":100,"ix":5},"r":1,"nm":"Fill 1","mn":"ADBE Vector Graphic - Fill","hd":false},{"ty":"tr","p":{"a":1,"k":[{"i":{"x":0.833,"y":0.833},"o":{"x":0.232,"y":0},"n":"0p833_0p833_0p232_0","t":14,"s":[211.4,81.541],"e":[211.4,125.541],"to":[0,7.33333349227905],"ti":[0,0]},{"i":{"x":0.833,"y":1},"o":{"x":0.167,"y":0.167},"n":"0p833_1_0p167_0p167","t":54,"s":[211.4,125.541],"e":[211.4,81.541],"to":[0,0],"ti":[0,7.33333349227905]},{"t":115}],"ix":2},"a":{"a":0,"k":[213.398,89.535],"ix":1},"s":{"a":0,"k":[100,100],"ix":3},"r":{"a":1,"k":[{"i":{"x":[0.833],"y":[0.833]},"o":{"x":[0.167],"y":[0.167]},"n":["0p833_0p833_0p167_0p167"],"t":14,"s":[0],"e":[-14]},{"i":{"x":[0.833],"y":[0.833]},"o":{"x":[0.167],"y":[0.167]},"n":["0p833_0p833_0p167_0p167"],"t":53,"s":[-14],"e":[0]},{"t":115}],"ix":6},"o":{"a":1,"k":[{"i":{"x":[0.833],"y":[1]},"o":{"x":[0.167],"y":[0]},"n":["0p833_1_0p167_0"],"t":41,"s":[100],"e":[0]},{"t":55}],"ix":7},"sk":{"a":0,"k":0,"ix":4},"sa":{"a":0,"k":0,"ix":5},"nm":"Transform"}],"nm":"Y-bottom","np":2,"cix":2,"ix":1,"mn":"ADBE Vector Group","hd":false},{"ty":"gr","it":[{"ty":"gr","it":[{"ind":0,"ty":"sh","ix":1,"ks":{"a":0,"k":{"i":[[0,0],[-6.533,0.697],[-0.697,-6.533],[0,0],[0,0],[-1.089,-7.58],[0,0],[0,0]],"o":[[-1.07,-6.302],[6.302,-1.07],[0,0],[0,0],[7.509,-0.787],[0,0],[0,0],[0,0]],"v":[[174.616,60.811],[184.726,47.578],[197.96,57.687],[198.28,59.036],[231.156,54.644],[246.22,66.456],[247.609,77.786],[176.759,76.35]],"c":true},"ix":2},"nm":"Path 1","mn":"ADBE Vector Shape - Group","hd":false},{"ty":"fl","c":{"a":0,"k":[0.992156863213,0.792156875134,0.250980407,1],"ix":4},"o":{"a":0,"k":100,"ix":5},"r":1,"nm":"Fill 1","mn":"ADBE Vector Graphic - Fill","hd":false},{"ty":"tr","p":{"a":0,"k":[0,0],"ix":2},"a":{"a":0,"k":[0,0],"ix":1},"s":{"a":0,"k":[100,100],"ix":3},"r":{"a":0,"k":0,"ix":6},"o":{"a":0,"k":100,"ix":7},"sk":{"a":0,"k":0,"ix":4},"sa":{"a":0,"k":0,"ix":5},"nm":"Transform"}],"nm":"Group 1","np":2,"cix":2,"ix":1,"mn":"ADBE Vector Group","hd":false},{"ty":"tr","p":{"a":1,"k":[{"i":{"x":0,"y":1},"o":{"x":0.232,"y":0},"n":"0_1_0p232_0","t":14,"s":[210.742,81.18],"e":[210.742,78.18],"to":[0,-0.5],"ti":[0,0]},{"i":{"x":0.833,"y":1},"o":{"x":0.167,"y":0},"n":"0p833_1_0p167_0","t":53,"s":[210.742,78.18],"e":[210.742,81.18],"to":[0,0],"ti":[0,-0.5]},{"t":115}],"ix":2},"a":{"a":0,"k":[210.742,78.18],"ix":1},"s":{"a":0,"k":[100,100],"ix":3},"r":{"a":0,"k":0,"ix":6},"o":{"a":1,"k":[{"i":{"x":[0.833],"y":[1]},"o":{"x":[0.167],"y":[0]},"n":["0p833_1_0p167_0"],"t":29,"s":[100],"e":[0]},{"t":43}],"ix":7},"sk":{"a":0,"k":0,"ix":4},"sa":{"a":0,"k":0,"ix":5},"nm":"Transform"}],"nm":"Y-top","np":1,"cix":2,"ix":2,"mn":"ADBE Vector Group","hd":false},{"ty":"tr","p":{"a":1,"k":[{"i":{"x":0,"y":1},"o":{"x":0.118,"y":0},"n":"0_1_0p118_0","t":0,"s":[341.398,179],"e":[341.398,21.665],"to":[0,-26.2224674224854],"ti":[0,29.3056640625]},{"i":{"x":0.735,"y":0.166},"o":{"x":0.407,"y":0},"n":"0p735_0p166_0p407_0","t":20,"s":[341.398,21.665],"e":[341.398,26.857],"to":[0,-2.10361814498901],"ti":[0,1.04014849662781]},{"i":{"x":0.833,"y":0.833},"o":{"x":0.921,"y":0.468},"n":"0p833_0p833_0p921_0p468","t":32,"s":[341.398,26.857],"e":[341.398,88.89],"to":[0,-13.4502382278442],"ti":[0,-9.47482299804688]},{"i":{"x":0.833,"y":0.833},"o":{"x":0.167,"y":0.167},"n":"0p833_0p833_0p167_0p167","t":53,"s":[341.398,88.89],"e":[341.398,239.536],"to":[0,10.2075395584106],"ti":[0,0]},{"t":67}],"ix":2},"a":{"a":0,"k":[211.398,84.166],"ix":1},"s":{"a":0,"k":[100,100],"ix":3},"r":{"a":1,"k":[{"i":{"x":[0.667],"y":[1]},"o":{"x":[0.333],"y":[0]},"n":["0p667_1_0p333_0"],"t":23.639,"s":[28],"e":[0]},{"t":87}],"ix":6},"o":{"a":1,"k":[{"i":{"x":[0.667],"y":[1]},"o":{"x":[0.333],"y":[0]},"n":["0p667_1_0p333_0"],"t":-3,"s":[0],"e":[100]},{"i":{"x":[0.833],"y":[1]},"o":{"x":[0.167],"y":[0]},"n":["0p833_1_0p167_0"],"t":7,"s":[100],"e":[0]},{"t":109}],"ix":7},"sk":{"a":0,"k":0,"ix":4},"sa":{"a":0,"k":0,"ix":5},"nm":"Transform"}],"nm":"yellow","np":2,"cix":2,"ix":5,"mn":"ADBE Vector Group","hd":false}],"ip":0,"op":400,"st":0,"bm":0},{"ddd":0,"ind":7,"ty":4,"nm":"BACKGROUND","sr":1,"ks":{"o":{"a":0,"k":100,"ix":11},"r":{"a":0,"k":0,"ix":10},"p":{"a":0,"k":[205.5,81,0],"ix":2},"a":{"a":0,"k":[183.707,-97.04,0],"ix":1},"s":{"a":0,"k":[153.919,153.919,100],"ix":6}},"ao":0,"shapes":[{"ty":"gr","it":[{"ind":0,"ty":"sh","ix":1,"ks":{"a":0,"k":{"i":[[0,0],[0,0],[0,0]],"o":[[0,0],[0,0],[0,0]],"v":[[50.385,-129.971],[50.385,-96.654],[133.718,-103.206]],"c":true},"ix":2},"nm":"Path 1","mn":"ADBE Vector Shape - Group","hd":false},{"ind":1,"ty":"sh","ix":2,"ks":{"a":0,"k":{"i":[[0,0],[0,0],[0,0]],"o":[[0,0],[0,0],[0,0]],"v":[[50.385,-52.432],[142.218,-84.04],[50.385,-75.193]],"c":true},"ix":2},"nm":"Path 2","mn":"ADBE Vector Shape - Group","hd":false},{"ind":2,"ty":"sh","ix":3,"ks":{"a":0,"k":{"i":[[0,0],[0,0],[0,0]],"o":[[0,0],[0,0],[0,0]],"v":[[172.201,-44.873],[172.052,-63.206],[161.211,-44.873]],"c":true},"ix":2},"nm":"Path 3","mn":"ADBE Vector Shape - Group","hd":false},{"ind":3,"ty":"sh","ix":4,"ks":{"a":0,"k":{"i":[[0,0],[0,0],[0,0]],"o":[[0,0],[0,0],[0,0]],"v":[[205.337,-44.873],[195.385,-61.873],[194.812,-44.873]],"c":true},"ix":2},"nm":"Path 4","mn":"ADBE Vector Shape - Group","hd":false},{"ind":4,"ty":"sh","ix":5,"ks":{"a":0,"k":{"i":[[0,0],[0,0],[0,0]],"o":[[0,0],[0,0],[0,0]],"v":[[317.218,-74.888],[222.218,-84.04],[317.218,-51.342]],"c":true},"ix":2},"nm":"Path 5","mn":"ADBE Vector Shape - Group","hd":false},{"ind":5,"ty":"sh","ix":6,"ks":{"a":0,"k":{"i":[[0,0],[0,0],[0,0]],"o":[[0,0],[0,0],[0,0]],"v":[[317.218,-130.746],[239.718,-103.873],[317.218,-96.575]],"c":true},"ix":2},"nm":"Path 6","mn":"ADBE Vector Shape - Group","hd":false},{"ind":6,"ty":"sh","ix":7,"ks":{"a":0,"k":{"i":[[0,0],[0,0],[0,0]],"o":[[0,0],[0,0],[0,0]],"v":[[240.192,-149.54],[220.718,-112.54],[274.204,-149.54]],"c":true},"ix":2},"nm":"Path 7","mn":"ADBE Vector Shape - Group","hd":false},{"ind":7,"ty":"sh","ix":8,"ks":{"a":0,"k":{"i":[[0,0],[0,0],[0,0]],"o":[[0,0],[0,0],[0,0]],"v":[[194.781,-149.54],[196.718,-121.206],[212.489,-149.54]],"c":true},"ix":2},"nm":"Path 8","mn":"ADBE Vector Shape - Group","hd":false},{"ind":8,"ty":"sh","ix":9,"ks":{"a":0,"k":{"i":[[0,0],[0,0],[0,0]],"o":[[0,0],[0,0],[0,0]],"v":[[153.969,-149.54],[170.385,-120.206],[171.852,-149.54]],"c":true},"ix":2},"nm":"Path 9","mn":"ADBE Vector Shape - Group","hd":false},{"ind":9,"ty":"sh","ix":10,"ks":{"a":0,"k":{"i":[[0,0],[0,0],[0,0]],"o":[[0,0],[0,0],[0,0]],"v":[[90.233,-149.54],[143.718,-112.54],[124.245,-149.54]],"c":true},"ix":2},"nm":"Path 10","mn":"ADBE Vector Shape - Group","hd":false},{"ind":10,"ty":"sh","ix":11,"ks":{"a":0,"k":{"i":[[0,0],[0,0],[0,0]],"o":[[0,0],[0,0],[0,0]],"v":[[277.654,-44.54],[208.218,-76.04],[246.903,-44.54]],"c":true},"ix":2},"nm":"Path 11","mn":"ADBE Vector Shape - Group","hd":false},{"ind":11,"ty":"sh","ix":12,"ks":{"a":0,"k":{"i":[[0,0],[0,0],[0,0]],"o":[[0,0],[0,0],[0,0]],"v":[[86.783,-44.54],[156.218,-76.04],[117.534,-44.54]],"c":true},"ix":2},"nm":"Path 12","mn":"ADBE Vector Shape - Group","hd":false},{"ty":"fl","c":{"a":0,"k":[0.933333337307,0.933333337307,0.933333337307,1],"ix":4},"o":{"a":0,"k":100,"ix":5},"r":1,"nm":"Fill 1","mn":"ADBE Vector Graphic - Fill","hd":false},{"ty":"tr","p":{"a":0,"k":[0,0],"ix":2},"a":{"a":0,"k":[0,0],"ix":1},"s":{"a":0,"k":[100,100],"ix":3},"r":{"a":0,"k":0,"ix":6},"o":{"a":0,"k":100,"ix":7},"sk":{"a":0,"k":0,"ix":4},"sa":{"a":0,"k":0,"ix":5},"nm":"Transform"}],"nm":"Group 1","np":13,"cix":2,"ix":1,"mn":"ADBE Vector Group","hd":false},{"ty":"gr","it":[{"ind":0,"ty":"sh","ix":1,"ks":{"a":0,"k":{"i":[[0,0],[0,0],[0,0],[0,0]],"o":[[0,0],[0,0],[0,0],[0,0]],"v":[[317.218,-44.54],[50.195,-44.54],[50.195,-149.133],[317.218,-149.133]],"c":true},"ix":2},"nm":"Path 1","mn":"ADBE Vector Shape - Group","hd":false},{"ty":"fl","c":{"a":0,"k":[0.960784316063,0.960784316063,0.960784316063,1],"ix":4},"o":{"a":0,"k":100,"ix":5},"r":1,"nm":"Fill 1","mn":"ADBE Vector Graphic - Fill","hd":false},{"ty":"tr","p":{"a":0,"k":[183.676,-97.296],"ix":2},"a":{"a":0,"k":[183.676,-97.296],"ix":1},"s":{"a":0,"k":[113,113],"ix":3},"r":{"a":0,"k":0,"ix":6},"o":{"a":0,"k":100,"ix":7},"sk":{"a":0,"k":0,"ix":4},"sa":{"a":0,"k":0,"ix":5},"nm":"Transform"}],"nm":"Group 2","np":2,"cix":2,"ix":2,"mn":"ADBE Vector Group","hd":false}],"ip":0,"op":600,"st":0,"bm":0}],"markers":[{"tm":221,"cm":"0","dr":0},{"tm":381,"cm":"1","dr":0}]}